<?xml version="1.0" encoding="utf-8"?>
<GameData>
	<IconTextureAtlases>
		<!--Leader Icons-->

		<Row Name="ICON_ATLAS_LEADER_CUSTOM" IconSize="32"  IconsPerRow="1" IconsPerColumn="1" Filename="ICON_LEADER_CUSTOM_32.dds"/>
		<Row Name="ICON_ATLAS_LEADER_CUSTOM" IconSize="45"  IconsPerRow="1" IconsPerColumn="1" Filename="ICON_LEADER_CUSTOM_45.dds"/>
		<Row Name="ICON_ATLAS_LEADER_CUSTOM" IconSize="50"  IconsPerRow="1" IconsPerColumn="1" Filename="ICON_LEADER_CUSTOM_50.dds"/>
		<Row Name="ICON_ATLAS_LEADER_CUSTOM" IconSize="55"  IconsPerRow="1" IconsPerColumn="1" Filename="ICON_LEADER_CUSTOM_55.dds"/>
		<Row Name="ICON_ATLAS_LEADER_CUSTOM" IconSize="64"  IconsPerRow="1" IconsPerColumn="1" Filename="ICON_LEADER_CUSTOM_64.dds"/>
		<Row Name="ICON_ATLAS_LEADER_CUSTOM" IconSize="80"  IconsPerRow="1" IconsPerColumn="1" Filename="ICON_LEADER_CUSTOM_80.dds"/>
		<Row Name="ICON_ATLAS_LEADER_CUSTOM" IconSize="256" IconsPerRow="1" IconsPerColumn="1" Filename="ICON_LEADER_CUSTOM_256.dds"/>

		<!--CIV Icons-->

		<Row Name="ICON_ATLAS_CIV_CUSTOM" IconSize="22"  IconsPerRow="1" IconsPerColumn="1" Filename="ICON_CIV_CUSTOM_22.dds"/>
		<Row Name="ICON_ATLAS_CIV_CUSTOM" IconSize="30"  IconsPerRow="1" IconsPerColumn="1" Filename="ICON_CIV_CUSTOM_30.dds"/>
		<Row Name="ICON_ATLAS_CIV_CUSTOM" IconSize="32"  IconsPerRow="1" IconsPerColumn="1" Filename="ICON_CIV_CUSTOM_32.dds"/>
		<Row Name="ICON_ATLAS_CIV_CUSTOM" IconSize="36"  IconsPerRow="1" IconsPerColumn="1" Filename="ICON_CIV_CUSTOM_36.dds"/>
		<Row Name="ICON_ATLAS_CIV_CUSTOM" IconSize="44"  IconsPerRow="1" IconsPerColumn="1" Filename="ICON_CIV_CUSTOM_44.dds"/>
		<Row Name="ICON_ATLAS_CIV_CUSTOM" IconSize="45"  IconsPerRow="1" IconsPerColumn="1" Filename="ICON_CIV_CUSTOM_45.dds"/>
		<Row Name="ICON_ATLAS_CIV_CUSTOM" IconSize="48"  IconsPerRow="1" IconsPerColumn="1" Filename="ICON_CIV_CUSTOM_48.dds"/>
		<Row Name="ICON_ATLAS_CIV_CUSTOM" IconSize="50"  IconsPerRow="1" IconsPerColumn="1" Filename="ICON_CIV_CUSTOM_50.dds"/>
		<Row Name="ICON_ATLAS_CIV_CUSTOM" IconSize="55"  IconsPerRow="1" IconsPerColumn="1" Filename="ICON_CIV_CUSTOM_55.dds"/>
		<Row Name="ICON_ATLAS_CIV_CUSTOM" IconSize="64"  IconsPerRow="1" IconsPerColumn="1" Filename="ICON_CIV_CUSTOM_64.dds"/>
		<Row Name="ICON_ATLAS_CIV_CUSTOM" IconSize="80"  IconsPerRow="1" IconsPerColumn="1" Filename="ICON_CIV_CUSTOM_80.dds"/>
		<Row Name="ICON_ATLAS_CIV_CUSTOM" IconSize="200" IconsPerRow="1" IconsPerColumn="1" Filename="ICON_CIV_CUSTOM_200.dds"/>
		<Row Name="ICON_ATLAS_CIV_CUSTOM" IconSize="256" IconsPerRow="1" IconsPerColumn="1" Filename="ICON_CIV_CUSTOM_256.dds"/>
		
	</IconTextureAtlases>

	<IconDefinitions>
		<!--Leader Icons-->
		<Row Name="ICON_LEADER_TEMP_LEADER_CUSTOM" Atlas="ICON_ATLAS_LEADER_CUSTOM" Index="0"/>

		<!--Civilization Icons-->
		<Row Name="ICON_CIVILIZATION_TEMP_CIV_CUSTOM" Atlas="ICON_ATLAS_CIV_CUSTOM" Index="0"/>


		<!--Building Icons-->
		<Row Name="ICON_BUILDING_TEMP_CUSTOM" Atlas="ICON_ATLAS_BUILDINGS" Index="11"/>
		<Row Name="ICON_UNIT_TEMP_CUSTOM_I" Atlas="ICON_ATLAS_UNITS" Index="71"/>
		<Row Name="ICON_UNIT_TEMP_CUSTOM_II" Atlas="ICON_ATLAS_UNITS" Index="88"/>

	</IconDefinitions>
</GameData>